s	h.m.s	max_rss	max_vms	max_uss	max_pss	io_in	io_out	mean_load	cpu_time	metric	parameter	size	metric_params
485.5914	0:08:05	1651.37	4221.39	1632.4	1636.31	514.65	0	93.93	456.19	AMSP	default	136870	AMSP
426.1221	0:07:06	1647.87	3885.58	1629.69	1633.67	60.56	0	94.67	403.76	AMSP	default	136870	AMSP
522.75	0:08:42	1650.69	3886.33	1631.7	1635.69	60.34	0	94.33	493.45	AMSP	default	136870	AMSP
382.9893	0:06:22	1648.11	3953.34	1628.83	1632.83	0	0	97.56	374.04	AMSP	default	136870	AMSP
392.8165	0:06:32	1648.93	3885.83	1629.54	1633.57	0.16	0	95.07	373.81	AMSP	default	136870	AMSP
41.4555	0:00:41	560.64	2859.1	547.1	551.6	249.13	0	23.32	9.89	ARI	default	136870	ARI
27.036	0:00:27	771.94	2948.71	758.21	762.7	0.02	0	61.4	16.96	ARI	default	136870	ARI
26.9935	0:00:26	772.28	3014.46	759.09	763.61	0.04	0	60.87	16.79	ARI	default	136870	ARI
27.2737	0:00:27	774.55	3148.74	760.67	765.26	0.05	0	60.19	16.79	ARI	default	136870	ARI
26.7244	0:00:26	772.31	2948.96	758.25	762.9	0	0	62.05	16.89	ARI	default	136870	ARI
33.9565	0:00:33	633.66	3566.45	616.16	620.01	268.72	0	33.31	11.51	ASPC	useNegativesF	136870	ASPC
24.1139	0:00:24	775.1	3014.48	757.07	760.99	0.06	0	68.26	16.78	ASPC	useNegativesF	136870	ASPC
24.3312	0:00:24	775.17	2947.47	757.6	761.31	0	0	67.77	16.8	ASPC	useNegativesF	136870	ASPC
23.7252	0:00:23	783.01	2953.02	763.1	766.92	0	0	70.59	17.04	ASPC	useNegativesF	136870	ASPC
24.16	0:00:24	777.07	3082.25	758.26	761.97	0	0	68.75	16.95	ASPC	useNegativesF	136870	ASPC
21.2442	0:00:21	794.02	3032.12	774.14	778.17	0.01	0	78.9	17.16	AWC	default	136870	AWC
21.3135	0:00:21	797.1	3102.42	778	781.97	0	0	79.81	17.36	AWC	default	136870	AWC
22.3054	0:00:22	795.24	3032.88	777.22	781.14	13.89	0	70.84	15.96	AWC	default	136870	AWC
21.1763	0:00:21	792.86	3031.11	774	777.94	0	0	79.89	17.27	AWC	default	136870	AWC
21.3146	0:00:21	792.68	2964.35	773.22	777.08	0	0	79.77	17.39	AWC	default	136870	AWC
36.8194	0:00:36	628.55	2930.4	603.02	607.12	258.27	0	32.65	12.3	AWH	default	136870	AWH
27.8186	0:00:27	774.69	2947.47	756.82	760.85	0	0	59.98	17.03	AWH	default	136870	AWH
27.3496	0:00:27	779.91	3015.99	760.25	764.31	0	0	61.07	17.06	AWH	default	136870	AWH
26.9744	0:00:26	776.95	2947.97	756.73	760.86	0	0	62.1	17.15	AWH	default	136870	AWH
27.4368	0:00:27	774.8	3014.48	757.18	761.19	0	0	60.8	17.09	AWH	default	136870	AWH
55.4637	0:00:55	1403.77	3770.25	1386.14	1390.12	0.4	0	83.27	46.52	cdbw	default	136870	cdbw
55.3639	0:00:55	1406.02	3704.25	1388.3	1392.32	0	0	83.74	46.72	cdbw	default	136870	cdbw
55.3377	0:00:55	1407.82	3770.88	1388.48	1392.46	0.04	0	83.62	46.61	cdbw	default	136870	cdbw
64.2894	0:01:04	1294.83	3730.51	1275.39	1279.33	190.34	0	64.79	41.81	cdbw	default	136870	cdbw
57.7967	0:00:57	1380.18	3813.09	1363.42	1367.4	129.95	0	71.12	41.3	cdbw	default	136870	cdbw
105.4654	0:01:45	1501.29	3940.68	1483.88	1487.9	521.23	0	65.19	68.92	cohesion	default	136870	cohesion
95.2166	0:01:35	1503.98	3673.89	1484.81	1488.77	0.02	0	79.85	76.34	cohesion	default	136870	cohesion
111.6797	0:01:51	1504.06	3740.15	1484.59	1488.57	0.01	0	93.29	104.5	cohesion	default	136870	cohesion
113.2668	0:01:53	1503.92	3740.15	1484.11	1488.08	60.34	0	94.13	107.06	cohesion	default	136870	cohesion
125.2522	0:02:05	1502.84	3806.41	1484.89	1488.95	329.36	0	84.28	105.89	cohesion	default	136870	cohesion
4588.2476	1:16:28	107985.04	115531.52	107661.69	107665.68	67.3	0	98.76	4531.96	dbcv	default	136870	dbcv
4799.24	1:19:59	106181.53	115866.57	106162.24	106166.25	513.65	0	98.63	4733.59	dbcv	default	136870	dbcv
4782.4752	1:19:42	114042.45	117873.18	113984.23	113988.11	476.23	0	98.85	4727.36	dbcv	default	136870	dbcv
4483.9551	1:14:43	106556.1	118951.05	106536.52	106540.53	60.68	0	98.94	4436.73	dbcv	default	136870	dbcv
4752.737	1:19:12	111343.21	115894.89	111323.61	111327.64	66.35	0	98.99	4705.07	dbcv	default	136870	dbcv
738.1761	0:12:18	28670.68	31223.04	28578.95	28582.88	647.14	0	93.91	693.48	meanSW	default	136870	meanSW
753.9809	0:12:33	30267.64	32704.27	30248.6	30252.48	535.5	0	95.67	721.49	meanSW	default	136870	meanSW
763.7997	0:12:43	29405.07	32637.26	29385.53	29389.55	768.63	0	94.75	723.9	meanSW	default	136870	meanSW
758.1289	0:12:38	29406.52	31968	29388.93	29392.92	527.83	0	95.07	720.93	meanSW	default	136870	meanSW
750.4871	0:12:30	28554.45	32837.54	28494.61	28498.58	528.42	0	95.82	719.24	meanSW	default	136870	meanSW
126.8575	0:02:06	1510.46	3941.18	1490.77	1494.78	532.89	0	76.21	96.8	NCE	default	136870	NCE
117.8231	0:01:57	1509.7	3740.15	1490.13	1494.08	0.09	0	89.62	105.92	NCE	default	136870	NCE
111.7941	0:01:51	1507.01	3674.59	1489	1492.95	0	0	94.78	106.38	NCE	default	136870	NCE
111.5767	0:01:51	1509.9	3740.15	1491.01	1494.92	0	0	94.02	105.35	NCE	default	136870	NCE
109.9419	0:01:49	1510.39	3806.41	1492.61	1496.59	0	0	96.57	106.47	NCE	default	136870	NCE
29.1379	0:00:29	779.84	3213.76	760.41	764.41	31.04	0	33.2	9.76	NCR	default	136870	NCR
17.4342	0:00:17	875.82	3245.38	856.23	860.58	0.03	0	91.24	16.34	NCR	default	136870	NCR
18.1363	0:00:18	818.8	3120.26	799.43	803.53	0	0	87.98	16.27	NCR	default	136870	NCR
19.17	0:00:19	808.07	2982.59	790.48	794.49	0.02	0	85.03	16.63	NCR	default	136870	NCR
19.1677	0:00:19	811.72	2981.83	792.79	796.81	0.03	0	84.14	16.54	NCR	default	136870	NCR
77.7792	0:01:17	1509.21	4008.45	1490.23	1494.26	178.56	0	52.63	40.83	NP	default	136870	NP
78.7398	0:01:18	1501.23	3739.9	1481.66	1485.75	0	0	95.89	75.79	NP	default	136870	NP
93.3292	0:01:33	1488.87	3739.9	1474.92	1476.79	377.36	0	79.81	74.8	NP	default	136870	NP
88.4372	0:01:28	1464.96	3807.16	1445.49	1449.53	337.26	0	84.46	74.91	NP	default	136870	NP
92.9347	0:01:32	1491.05	3806.91	1476.75	1478.68	553.22	0	78.25	73.01	NP	default	136870	NP
88.5697	0:01:28	1023.59	3593.17	1004.36	1008.31	471.51	0	77.22	68.6	nsAccuracy	default	136870	nsAccuracy:default
79.152	0:01:19	1469.79	3703.7	1449.75	1453.82	0.07	0	96.51	76.69	nsAccuracy	default	136870	nsAccuracy:default
79.1167	0:01:19	1469.73	3640.21	1449.62	1453.61	0	0	96.72	76.82	nsAccuracy	default	136870	nsAccuracy:default
78.888	0:01:18	1473.42	3709.43	1455.84	1459.88	0	0	96.79	76.67	nsAccuracy	default	136870	nsAccuracy:default
79.515	0:01:19	1450.9	3754.25	1431.67	1435.67	0	0	95.97	76.65	nsAccuracy	default	136870	nsAccuracy:default
66786.4668	18:33:06	1886.14	4444.49	1867.24	1871.25	467.79	0.01	99.05	66153.41	nsARI	default	136870	nsARI:default
63378.8018	17:36:18	1857.19	4153.2	1838.04	1842.15	133.75	0.01	98.91	62684.76	nsARI	default	136870	nsARI:default
67661.1323	18:47:41	1880.89	4310.83	1861.93	1865.98	419.29	0.01	98.79	66840.77	nsARI	default	136870	nsARI:default
64119.5672	17:48:39	1838.2	4270.49	1820.66	1824.7	461.23	0.01	98.69	63279.74	nsARI	default	136870	nsARI:default
70360.0867	19:32:40	1844.26	4137.64	1824.66	1828.63	440.15	0.01	98.5	69305.16	nsARI	default	136870	nsARI:default
45370.2179	12:36:10	1890.68	4519.61	1877.14	1882.07	74.87	0.01	99.74	45259.93	nsARI	lowMemoryF	136870	nsARI:lowMemoryF
49840.9371	13:50:40	1879.77	4511.28	1866.17	1871.13	542.71	0.01	99.75	49717.49	nsARI	lowMemoryF	136870	nsARI:lowMemoryF
48486.4963	13:28:06	1890.64	4517.96	1876.72	1881.59	469.17	0.01	99.76	48377.56	nsARI	lowMemoryF	136870	nsARI:lowMemoryF
47209.8884	13:06:49	1885.76	4512.21	1872.12	1876.99	674.85	0.02	99.8	47122.61	nsARI	lowMemoryF	136870	nsARI:lowMemoryF
44953.7712	12:29:13	1882.12	4511.94	1869.29	1875.44	442.01	0.01	99.69	44820.48	nsARI	lowMemoryF	136870	nsARI:lowMemoryF
47372.6529	13:09:32	1844.77	4470.61	1831.2	1836.05	139.03	0	99.79	47274.97	nsARI	lowMemoryT	136870	nsARI:lowMemoryT
50489.7348	14:01:29	1889.7	4451.3	1875.82	1880.71	526.94	0.01	99.79	50384.99	nsARI	lowMemoryT	136870	nsARI:lowMemoryT
47606.8447	13:13:26	1865.14	4489.59	1851.59	1856.42	558.86	0.01	99.79	47511.55	nsARI	lowMemoryT	136870	nsARI:lowMemoryT
44991.7369	12:29:51	1881.02	4444.59	1867.31	1872.1	559.33	0.01	99.77	44896.21	nsARI	lowMemoryT	136870	nsARI:lowMemoryT
46785.3914	12:59:45	1886.09	4510.17	1871.99	1876.84	466.26	0.01	99.77	46675.08	nsARI	lowMemoryT	136870	nsARI:lowMemoryT
81617.176	22:40:17	1840.86	4460.5	1836.62	1837.22	56.62	0	99.45	81171.89	nsAWC	lowMemoryF	136870	nsAWC:lowMemoryF
85307.2911	23:41:47	1890.73	4187.03	1876.22	1879.44	0.11	0.01	99.45	84836.72	nsAWC	lowMemoryF	136870	nsAWC:lowMemoryF
109308.8079	1 day, 6:21:48	1882.74	4053.54	1868.84	1872.02	0.15	0	99.4	108652.91	nsAWC	lowMemoryF	136870	nsAWC:lowMemoryF
74342.1559	20:39:02	1889.91	4387.54	1875.77	1879.06	466.22	0.01	99.72	74142.83	nsAWC	lowMemoryF	136870	nsAWC:lowMemoryF
72799.857	20:13:19	1890.04	4323.06	1875.74	1879.15	273.99	0.01	99.77	72632.86	nsAWC	lowMemoryF	136870	nsAWC:lowMemoryF
81408.5297	22:36:48	1834.41	4456.02	1829.49	1830.08	122.42	0	99.47	80972.46	nsAWC	lowMemoryT	136870	nsAWC:lowMemoryT
85474.0886	23:44:34	1895.96	4261.73	1882.28	1885.47	409.89	0.02	99.48	85028.24	nsAWC	lowMemoryT	136870	nsAWC:lowMemoryT
109159.7728	1 day, 6:19:19	1892.66	4324.43	1878.6	1881.84	463.29	0.01	99.38	108484.25	nsAWC	lowMemoryT	136870	nsAWC:lowMemoryT
74534.2856	20:42:14	1899.73	4329.2	1886.54	1889.92	459.67	0.01	99.74	74348.46	nsAWC	lowMemoryT	136870	nsAWC:lowMemoryT
72795.4299	20:13:15	1896.85	4264.05	1882.46	1885.8	149.9	0	99.79	72645.02	nsAWC	lowMemoryT	136870	nsAWC:lowMemoryT
64051.7212	17:47:31	1824.8	4242.67	1810.54	1812.42	10.27	0	99.33	63621.41	nsAWH	default	136870	nsAWH:default
69002.0721	19:10:02	1860.59	4025.06	1840.95	1844.94	6.82	0.02	99.05	68344.33	nsAWH	default	136870	nsAWH:default
69470.5862	19:17:50	1862.07	4290.12	1842.7	1846.72	465.23	0.01	98.89	68700.08	nsAWH	default	136870	nsAWH:default
70249.5927	19:30:49	1878.68	4376.13	1859.49	1863.47	449.93	0.01	98.79	69401.48	nsAWH	default	136870	nsAWH:default
73204.0533	20:20:04	1885.03	4375.25	1866.86	1870.95	434.56	0.01	98.6	72181.03	nsAWH	default	136870	nsAWH:default
81462.4047	22:37:42	1831.77	4455.16	1827.36	1827.97	31.6	0.01	99.49	81043.18	nsAWH	lowMemoryF	136870	nsAWH:lowMemoryF
85512.1493	23:45:12	1886.17	4122.36	1872.09	1875.27	0.01	0	99.45	85040.31	nsAWH	lowMemoryF	136870	nsAWH:lowMemoryF
109619.2992	1 day, 6:26:59	1882.78	4054.12	1868.26	1871.45	0.02	0.01	99.39	108951.03	nsAWH	lowMemoryF	136870	nsAWH:lowMemoryF
73378.2265	20:22:58	1891.51	4321.23	1877.14	1880.47	234.76	0.02	99.75	73205.97	nsAWH	lowMemoryF	136870	nsAWH:lowMemoryF
72809.8526	20:13:29	1897.8	4459.44	1883.96	1887.33	518.84	0.01	99.76	72634.22	nsAWH	lowMemoryF	136870	nsAWH:lowMemoryF
45844.0332	12:44:04	1869.37	4435.78	1855.6	1860.58	88.7	0	99.78	45747.27	nsAWH	lowMemoryT	136870	nsAWH:lowMemoryT
48595.4875	13:29:55	1895.92	4395.62	1881.79	1886.73	444.51	0.01	99.79	48494.03	nsAWH	lowMemoryT	136870	nsAWH:lowMemoryT
46868.7982	13:01:08	1896.28	4520.68	1882.57	1887.41	555.61	0.01	99.77	46763.69	nsAWH	lowMemoryT	136870	nsAWH:lowMemoryT
45582.6287	12:39:42	1895.3	4521.14	1881.92	1886.89	453.02	0.01	99.75	45473.84	nsAWH	lowMemoryT	136870	nsAWH:lowMemoryT
45569.7768	12:39:29	1875.14	4499.84	1861.48	1866.42	447.43	0.01	99.77	45473.37	nsAWH	lowMemoryT	136870	nsAWH:lowMemoryT
3795.4299	1:03:15	1552.4	3856.14	1533.02	1537.05	0.02	0	99.07	3760.24	nsSPC	default	136870	nsSPC:default
3756.1495	1:02:36	1553.55	3923.15	1534.19	1538.08	486.9	0.01	99.07	3721.22	nsSPC	default	136870	nsSPC:default
3762.2918	1:02:42	1555.38	3923.15	1536.32	1540.26	463.45	0.01	98.77	3716.26	nsSPC	default	136870	nsSPC:default
3772.132	1:02:52	1555.17	4123.68	1537.47	1541.5	455.35	0.01	98.7	3723.25	nsSPC	default	136870	nsSPC:default
3606.4191	1:00:06	1553.27	3789.38	1533.67	1537.67	0	0.01	99.34	3583.07	nsSPC	default	136870	nsSPC:default
91.85	0:01:31	1500.98	3739.4	1481.77	1485.7	0	0	83.32	76.87	PWC	default	136870	PWC
90.6264	0:01:30	1503.74	3674.14	1484.42	1488.34	60.34	0	84.87	77.26	PWC	default	136870	PWC
89.5732	0:01:29	1503.12	3739.9	1483.93	1487.78	6.9	0	85.51	76.98	PWC	default	136870	PWC
87.8105	0:01:27	1501.39	3739.4	1483.73	1487.6	0.01	0	87.32	77.03	PWC	default	136870	PWC
89.7287	0:01:29	1503.51	3806.91	1484.29	1488.24	0	0	85.36	76.94	PWC	default	136870	PWC
4107.2529	1:08:27	4992.86	7219.92	4973.43	4977.4	0	0	98.65	4052.06	SpatialARI	default	136870	SpatialARI
4022.2002	1:07:02	4640.1	7182.4	4588.45	4592.38	454	0	98.45	3959.89	SpatialARI	default	136870	SpatialARI
3968.7788	1:06:08	4993.61	7579.43	4974.48	4978.41	463.15	0	99	3929.21	SpatialARI	default	136870	SpatialARI
3975.9708	1:06:15	4933.23	7579.43	4913.56	4917.51	474.74	0	98.73	3925.6	SpatialARI	default	136870	SpatialARI
3848.9395	1:04:08	4985.94	7363.34	4968.23	4972.27	0	0	99.1	3814.73	SpatialARI	default	136870	SpatialARI
3110.41	0:51:50	4610.5	6840.27	4591.29	4595.16	0	0	98.34	3058.98	SpatialRI	default	136870	SpatialRI
3155.307	0:52:35	4498.29	7040.73	4480.95	4484.97	450.63	0	98.6	3111.46	SpatialRI	default	136870	SpatialRI
3171.51	0:52:51	4625.81	7368.81	4566.28	4570.33	464.52	0	98.13	3112.45	SpatialRI	default	136870	SpatialRI
3131.5332	0:52:11	4358.05	6608.84	4340.1	4344.03	0.06	0	98.58	3087.3	SpatialRI	default	136870	SpatialRI
3124.1373	0:52:04	5227.73	7793.02	5208.33	5212.29	468.1	0	98.58	3079.96	SpatialRI	default	136870	SpatialRI
3076.1651	0:51:16	4600.61	6901.66	4581.8	4585.83	0	0	98.18	3020.6	SpatialSPC	default	136870	SpatialSPC
3166.037	0:52:46	4918.18	7434.37	4899.33	4903.31	610.18	0	97.99	3102.64	SpatialSPC	default	136870	SpatialSPC
3130.2535	0:52:10	4787.57	7416.19	4770.06	4774.18	457.55	0	98.01	3068.09	SpatialSPC	default	136870	SpatialSPC
3175.8114	0:52:55	4466.24	6929.01	4446.98	4451.02	427.43	0	97.59	3099.48	SpatialSPC	default	136870	SpatialSPC
3127.8904	0:52:07	5179.17	7674.29	5159.98	5163.97	465.03	0	98.12	3069.28	SpatialSPC	default	136870	SpatialSPC
29.1852	0:00:29	715.66	3453.49	696.56	700.46	23.12	0	33.55	9.46	SPC	default	136870	SPC
17.7315	0:00:17	870.16	3107.23	850.94	854.97	0.04	0	90.71	16.5	SPC	default	136870	SPC
18.1143	0:00:18	815.81	3053.13	796.36	800.39	0.02	0	88.79	16.42	SPC	default	136870	SPC
19.8294	0:00:19	809.9	3048.68	791.05	795.03	0.02	0	81.55	16.54	SPC	default	136870	SPC
19.3959	0:00:19	812.02	3115.35	794.11	798.09	0	0	83.35	16.54	SPC	default	136870	SPC
237.8116	0:03:57	1547.79	4116.77	1530.09	1534.03	41.04	0	90.22	214.32	AMSP	default	107775	AMSP
293.2557	0:04:53	1542.81	3781.46	1524.77	1528.8	0.04	0	97.55	286.41	AMSP	default	107775	AMSP
307.0932	0:05:07	1545.8	3848.98	1526.55	1530.52	60.61	0	92.95	285.76	AMSP	default	107775	AMSP
290.863	0:04:50	1545.3	3915.49	1527.71	1531.64	102.52	0	97.25	283.21	AMSP	default	107775	AMSP
270.9702	0:04:30	1544.45	3781.96	1525.48	1529.44	7.05	0	93.76	254.4	AMSP	default	107775	AMSP
31.4778	0:00:31	636.67	2944.81	617.83	621.96	284	0	36.96	11.85	ARI	default	107775	ARI
22.6714	0:00:22	793.65	2965.11	773.94	777.96	0.06	0	72.01	16.71	ARI	default	107775	ARI
22.2419	0:00:22	794.98	2964.61	777.11	781.13	0	0	74.73	17.02	ARI	default	107775	ARI
22.2988	0:00:22	793.5	2965.36	774.09	778	0	0	74.09	16.9	ARI	default	107775	ARI
22.1077	0:00:22	797.21	3032.12	777.61	781.58	0	0	75.13	17.02	ARI	default	107775	ARI
36.5347	0:00:36	629.37	2933.17	609.73	613.84	266.12	0	32.27	12.03	ASPC	useNegativesF	107775	ASPC
26.7786	0:00:26	776.23	2947.97	756.97	760.86	0.06	0	61.28	16.77	ASPC	useNegativesF	107775	ASPC
27.3891	0:00:27	774.56	2947.47	756.91	760.95	0.03	0	60.19	16.82	ASPC	useNegativesF	107775	ASPC
26.4126	0:00:26	776.73	2947.97	756.93	761.01	0	0	63.44	17.18	ASPC	useNegativesF	107775	ASPC
29.4812	0:00:29	697.75	2933.87	679.74	683.77	0.01	0	46.74	14.15	ASPC	useNegativesF	107775	ASPC
32.0438	0:00:32	640.55	3184.37	622.15	626.09	354.66	0	35.98	11.68	AWC	default	107775	AWC
21.9427	0:00:21	795.72	3098.12	776.28	780.33	0.06	0	75.18	16.85	AWC	default	107775	AWC
21.961	0:00:21	799.18	3032.37	779.66	783.63	0	0	75.32	16.9	AWC	default	107775	AWC
22.38	0:00:22	791.73	3097.62	774.25	778.25	0	0	72.84	16.67	AWC	default	107775	AWC
21.7741	0:00:21	794.45	3031.11	775.25	779.11	0	0	76.32	16.99	AWC	default	107775	AWC
31.9902	0:00:31	640.17	3011.32	620.6	624.63	280.38	0	36.28	11.78	AWH	default	107775	AWH
22.9048	0:00:22	792.26	3029.02	773.93	777.92	0.06	0	71.76	16.76	AWH	default	107775	AWH
23.0512	0:00:23	791.89	3029.8	772.9	776.96	0	0	70.82	16.66	AWH	default	107775	AWH
22.6935	0:00:22	794.32	2965.11	774.47	778.54	0	0	72.82	16.83	AWH	default	107775	AWH
22.9461	0:00:22	793.85	2965.11	774.56	778.51	0	0	71.96	16.93	AWH	default	107775	AWH
52.2778	0:00:52	1743.9	4305.58	1724.74	1728.71	83.07	0	76.15	39.81	cdbw	default	107775	cdbw
40.101	0:00:40	955.55	3258.67	936.24	940.25	0.12	0	39.73	16.26	cdbw	default	107775	cdbw
46.5634	0:00:46	938.34	3173.02	918.66	922.67	0.02	0	34.76	16.53	cdbw	default	107775	cdbw
56.9828	0:00:56	1321.21	3618.36	1308.58	1310.38	418.37	0	79.9	45.88	cdbw	default	107775	cdbw
65.0205	0:01:05	1289.58	3529.47	1271.34	1275.26	0.06	0	71.07	46.5	cdbw	default	107775	cdbw
87.5868	0:01:27	1482.07	3981.59	1462.42	1466.58	522.43	0	75.63	66.36	cohesion	default	107775	cohesion
77.3498	0:01:17	1425.91	3661.96	1406.71	1410.7	0.12	0	59.4	46.27	cohesion	default	107775	cohesion
76.2751	0:01:16	1459.58	3692.2	1441.2	1445.17	0.01	0	60.43	46.38	cohesion	default	107775	cohesion
79.6765	0:01:19	1425.83	3728.97	1406.33	1410.25	0.02	0	95.61	76.56	cohesion	default	107775	cohesion
81.7133	0:01:21	1417.56	3719.78	1399.44	1403.52	60.34	0	92.96	76.31	cohesion	default	107775	cohesion
2822.9643	0:47:02	118193.99	128779.87	118156.43	118160.44	162.16	0	98.88	2791.13	dbcv	default	107775	dbcv
2962.9485	0:49:22	116114.04	128712.86	116094.47	116098.52	72.61	0	98.63	2922.58	dbcv	default	107775	dbcv
2996.1286	0:49:56	116111.31	128779.87	116092.55	116096.38	528.82	0	98.29	2945.03	dbcv	default	107775	dbcv
2990.0596	0:49:50	115428.63	128579.08	117603.31	117607.27	60.4	0	98.82	2955.04	dbcv	default	107775	dbcv
2979.3569	0:49:39	116833.72	128779.87	116540.15	116544.15	530.02	0	98.96	2948.71	dbcv	default	107775	dbcv
384.3658	0:06:24	26801.32	29035.65	26781.87	26785.92	60.4	0	97.48	375.01	meanSW	default	107775	meanSW
400.2833	0:06:40	25672.92	28172.55	25653.88	25657.96	289.82	0	91.63	366.89	meanSW	default	107775	meanSW
397.3737	0:06:37	21671.63	24172.63	21652.46	21656.28	521.89	0	92.21	366.62	meanSW	default	107775	meanSW
393.5855	0:06:33	20840.87	25833.89	24188.3	24192.16	529.86	0	93.05	366.35	meanSW	default	107775	meanSW
394.598	0:06:34	21681.89	24239.64	21662.84	21666.73	502.1	0	92.59	365.48	meanSW	default	107775	meanSW
90.8772	0:01:30	1477.55	3780.56	1457.86	1461.69	60.34	0	83.86	76.48	NCE	default	107775	NCE
97.3708	0:01:37	1478.84	3847.07	1461.15	1464.95	176.96	0	72.01	70.29	NCE	default	107775	NCE
89.7136	0:01:29	1476.97	3647.79	1457.25	1461.02	0.01	0	85.42	76.99	NCE	default	107775	NCE
91.1309	0:01:31	1479.32	3780.56	1459.79	1463.67	6.88	0	83.29	76.24	NCE	default	107775	NCE
94.6288	0:01:34	1477.83	3780.81	1458.1	1461.92	136.34	0	76.58	72.6	NCE	default	107775	NCE
21.5139	0:00:21	793.67	3031.36	774.21	778.09	0.01	0	78.03	17.17	NCR	default	107775	NCR
21.7459	0:00:21	794.75	2965.11	775.36	779.33	0	0	76.71	17.05	NCR	default	107775	NCR
21.7532	0:00:21	795.86	2964.35	776.55	780.5	0.02	0	76.86	17.01	NCR	default	107775	NCR
21.8374	0:00:21	796.97	3031.11	777.71	781.7	0.02	0	76.76	17.13	NCR	default	107775	NCR
21.5247	0:00:21	795.52	2963.85	776.03	779.92	0	0	78.38	17.24	NCR	default	107775	NCR
96.1307	0:01:36	1476.88	3981.84	1457.87	1461.84	528.6	0	66.58	64.14	NP	default	107775	NP
82.4577	0:01:22	1475.8	3646.29	1458.11	1462.07	0.06	0	92.35	76.48	NP	default	107775	NP
82.582	0:01:22	1480.09	3780.56	1460.93	1464.95	0.02	0	92.23	76.51	NP	default	107775	NP
82.9707	0:01:22	1475.4	3713.8	1455.88	1459.98	0	0	91.6	76.37	NP	default	107775	NP
88.4841	0:01:28	1475.96	3780.06	1458.2	1462.22	519.23	0	80.16	71.08	NP	default	107775	NP
63.6687	0:01:03	986.99	3519.75	967.66	971.73	29.36	0	63.87	40.45	nsAccuracy	default	107775	nsAccuracy:default
52.4411	0:00:52	996.75	3232.15	977.27	981.25	0.07	0	87.35	46.17	nsAccuracy	default	107775	nsAccuracy:default
60.7788	0:01:00	978.64	3218.99	959.29	963.34	0.02	0	75.33	46.08	nsAccuracy	default	107775	nsAccuracy:default
59.3549	0:00:59	978.15	3218.49	959.95	964.01	194.86	0	76.14	45.44	nsAccuracy	default	107775	nsAccuracy:default
64.3813	0:01:04	971.28	3554.05	957.7	959.47	359.94	0	68.47	44.44	nsAccuracy	default	107775	nsAccuracy:default
37671.3774	10:27:51	1829.51	4138.35	1811.57	1815.56	10.67	0.01	99.3	37406.77	nsARI	default	107775	nsARI:default
38933.1292	10:48:53	1840.25	4006.06	1820.89	1824.95	0.66	0.01	99.13	38595.73	nsARI	default	107775	nsARI:default
41071.9295	11:24:31	1843.95	4077.61	1824.69	1828.73	0.03	0.01	99	40661.98	nsARI	default	107775	nsARI:default
40147.5982	11:09:07	1844.27	4271.93	1826.73	1830.7	434.28	0.01	98.8	39665.7	nsARI	default	107775	nsARI:default
40787.6641	11:19:47	1843	4272.73	1824.25	1828.27	440.3	0.01	98.86	40324.65	nsARI	default	107775	nsARI:default
40978.2704	11:22:58	1842.44	4338.08	1824.59	1828.53	442.75	0.01	98.72	40453.09	nsARI	lowMemoryF	107775	nsARI:lowMemoryF
41037.381	11:23:57	1837.85	4262.19	1819.91	1823.86	469.55	0.01	98.69	40500.68	nsARI	lowMemoryF	107775	nsARI:lowMemoryF
41400.1531	11:30:00	1846.16	4273.36	1826.62	1830.61	461.36	0.01	98.67	40848.75	nsARI	lowMemoryF	107775	nsARI:lowMemoryF
46594.8263	12:56:34	1837.81	4270.58	1820	1824.01	465.55	0.01	98.29	45795.76	nsARI	lowMemoryF	107775	nsARI:lowMemoryF
41293.3316	11:28:13	1852.43	4210.93	1833.2	1837.26	429.74	0.01	98.53	40684.61	nsARI	lowMemoryF	107775	nsARI:lowMemoryF
51318.2536	14:15:18	1784.17	4339.61	1779.63	1780.24	38.68	0	99.45	51037.68	nsARI	lowMemoryT	107775	nsARI:lowMemoryT
52793.8517	14:39:53	1835.57	4138.93	1822.27	1825.43	431.86	0.01	99.43	52495.24	nsARI	lowMemoryT	107775	nsARI:lowMemoryT
54167.2523	15:02:47	1844.43	4278.53	1830.05	1833.3	475.12	0.01	99.42	53851.63	nsARI	lowMemoryT	107775	nsARI:lowMemoryT
77400.3419	21:30:00	1840.22	4408.08	1826.18	1829.41	569.26	0.01	99.34	76887.89	nsARI	lowMemoryT	107775	nsARI:lowMemoryT
52592.8737	14:36:32	1841.07	4211.23	1827.45	1830.65	465.56	0.01	99.44	52298.34	nsARI	lowMemoryT	107775	nsARI:lowMemoryT
41463.104	11:31:03	1855.11	4280.96	1835.36	1839.29	429.51	0.01	98.83	40977.68	nsAWC	default	107775	nsAWC:default
39534.0593	10:58:54	1838.69	4263.73	1819.34	1823.39	469.55	0.01	98.76	39044.88	nsAWC	default	107775	nsAWC:default
39900.6649	11:05:00	1842.59	4271.31	1823.16	1827.13	422.52	0.01	98.7	39381.36	nsAWC	default	107775	nsAWC:default
39712.7337	11:01:52	1833.56	4262.43	1816.09	1820.07	462.99	0.01	98.74	39210.92	nsAWC	default	107775	nsAWC:default
43020.1356	11:57:00	1837.62	4197.48	1818.41	1822.49	134.19	0.01	98.52	42384.13	nsAWC	default	107775	nsAWC:default
46135.0647	12:48:55	1794.64	4276.76	1780.41	1782.28	50.86	0	99.34	45831.58	nsAWC	lowMemoryF	107775	nsAWC:lowMemoryF
48588.5297	13:29:48	1834.04	4128.63	1814.59	1818.59	381.81	0.01	99.33	48262.47	nsAWC	lowMemoryF	107775	nsAWC:lowMemoryF
50956.4365	14:09:16	1846.12	4274.66	1827.68	1831.61	467.85	0.01	99.24	50570.5	nsAWC	lowMemoryF	107775	nsAWC:lowMemoryF
51138.5937	14:12:18	1852.96	4279.29	1834.5	1838.49	461.9	0.01	99.21	50736.27	nsAWC	lowMemoryF	107775	nsAWC:lowMemoryF
52048.0845	14:27:28	1830.16	4192.22	1810.59	1814.6	469.25	0.01	99.19	51629.37	nsAWC	lowMemoryF	107775	nsAWC:lowMemoryF
36809.696	10:13:29	1825.63	4211.9	1805.96	1810.01	10.23	0.01	99.36	36575.27	nsAWC	lowMemoryT	107775	nsAWC:lowMemoryT
38119.6447	10:35:19	1845.57	4076.75	1826.82	1830.73	0.68	0.01	99.17	37804.2	nsAWC	lowMemoryT	107775	nsAWC:lowMemoryT
39785.6406	11:03:05	1855.54	4280.88	1836.34	1840.21	461.75	0.01	98.96	39373.06	nsAWC	lowMemoryT	107775	nsAWC:lowMemoryT
39233.6249	10:53:53	1849.03	4409.33	1830.3	1834.27	463.53	0.01	98.86	38785.39	nsAWC	lowMemoryT	107775	nsAWC:lowMemoryT
39779.2215	11:02:59	1849.68	4277.48	1830.7	1834.73	455.93	0.01	98.84	39316.52	nsAWC	lowMemoryT	107775	nsAWC:lowMemoryT
46127.3575	12:48:47	1845.38	4073.99	1826.86	1830.92	399.7	0.01	99.34	45822.31	nsAWH	default	107775	nsAWH:default
49189.9095	13:39:49	1836.88	4198.71	1817.61	1821.61	457.55	0.01	99.29	48843.03	nsAWH	default	107775	nsAWH:default
51385.9595	14:16:25	1856.38	4348.36	1837.38	1841.42	465.18	0.01	99.25	50999.16	nsAWH	default	107775	nsAWH:default
50352.4617	13:59:12	1851.57	4210.95	1832.26	1836.33	455.71	0.01	99.19	49945.9	nsAWH	default	107775	nsAWH:default
52362.9079	14:32:42	1846.81	4212.28	1828.11	1832.02	428.59	0.01	99.19	51939.34	nsAWH	default	107775	nsAWH:default
39340.5675	10:55:40	1848.46	4208.2	1829.65	1833.67	119.49	0.01	98.88	38900	nsAWH	lowMemoryF	107775	nsAWH:lowMemoryF
39959.2734	11:05:59	1828.25	4258.64	1809.36	1813.38	461.84	0.01	98.84	39497.67	nsAWH	lowMemoryF	107775	nsAWH:lowMemoryF
40142.6667	11:09:02	1849.83	4216.23	1832.44	1836.45	463.45	0.01	98.78	39652.67	nsAWH	lowMemoryF	107775	nsAWH:lowMemoryF
40512.5261	11:15:12	3599.47	6274.34	3579.07	3583.9	428.67	0.02	98.78	40019.27	nsAWH	lowMemoryF	107775	nsAWH:lowMemoryF
40194.2026	11:09:54	1845.57	4341.77	1828.23	1832.21	455.82	0.01	98.69	39669.08	nsAWH	lowMemoryF	107775	nsAWH:lowMemoryF
49643.1233	13:47:23	1791.19	4408.66	1786.8	1787.39	75.96	0.02	99.46	49373.44	nsAWH	lowMemoryT	107775	nsAWH:lowMemoryT
51106.518	14:11:46	1842.12	4206.86	1827.72	1830.91	403.18	0.01	99.42	50808.64	nsAWH	lowMemoryT	107775	nsAWH:lowMemoryT
53855.8167	14:57:35	1830.04	4263	1816.25	1819.53	473.89	0.01	99.4	53534.45	nsAWH	lowMemoryT	107775	nsAWH:lowMemoryT
73709.0281	20:28:29	1847.12	4472.06	1833.2	1836.38	712.8	0.01	99.36	73236.08	nsAWH	lowMemoryT	107775	nsAWH:lowMemoryT
53623.1933	14:53:43	1847.46	4280.72	1833.28	1836.49	468.78	0.01	99.38	53290.3	nsAWH	lowMemoryT	107775	nsAWH:lowMemoryT
3066.6986	0:51:06	1517.14	4022.54	1503.12	1507.67	465.32	0.01	98.85	3031.6	nsSPC	default	107775	nsSPC:default
3300.5152	0:55:00	1513.85	3955.54	1499.7	1504.3	469.79	0.01	98.33	3245.93	nsSPC	default	107775	nsSPC:default
3317.7406	0:55:17	1524.66	3965.63	1510.88	1515.48	426.84	0.01	98.5	3268.22	nsSPC	default	107775	nsSPC:default
3265.2588	0:54:25	1517.16	3955.78	1503.5	1508.08	465.62	0.01	98.27	3209.06	nsSPC	default	107775	nsSPC:default
3207.7145	0:53:27	1516.04	3888.53	1502.02	1506.53	432.13	0.01	98.22	3150.91	nsSPC	default	107775	nsSPC:default
83.9918	0:01:23	1477.96	3646.79	1458.42	1462.55	60.34	0	90.66	76.43	PWC	default	107775	PWC
83.8685	0:01:23	1476.75	3646.04	1458.62	1462.58	0	0	90.79	76.46	PWC	default	107775	PWC
83.4435	0:01:23	1480.26	3714.8	1460.76	1464.81	0	0	91.24	76.52	PWC	default	107775	PWC
84.7421	0:01:24	1475.98	3713.55	1456.49	1460.48	0	0	89.81	76.42	PWC	default	107775	PWC
91.763	0:01:31	1475.53	3981.09	1457.96	1462.07	504.48	0	75.26	69.22	PWC	default	107775	PWC
1906.0751	0:31:46	4588.63	6949.35	4558.65	4562.67	0	0	97.71	1862.65	SpatialARI	default	107775	SpatialARI
1941.8379	0:32:21	4765.88	7268.96	4851.58	4855.62	458.34	0	97.11	1885.95	SpatialARI	default	107775	SpatialARI
1895.9015	0:31:35	4449.2	7013.79	4430.09	4434.02	429.72	0	97.72	1852.86	SpatialARI	default	107775	SpatialARI
2141.7924	0:35:41	4606.12	7263.3	4587.07	4591.01	441.96	0	97.4	2086.11	SpatialARI	default	107775	SpatialARI
2431.3071	0:40:31	4953.54	7457.29	4934.17	4938.02	421.78	0	98.16	2386.83	SpatialARI	default	107775	SpatialARI
1703.0375	0:28:23	370861.88	376976.12	370848.89	370850.76	440.36	0	96.72	1647.34	SpatialARI_Yan	default	107775	SpatialARI_Yan
1699.58	0:28:19	371666.82	376708.07	370847.3	370849.22	412.03	0	97.01	1648.76	SpatialARI_Yan	default	107775	SpatialARI_Yan
1706.6714	0:28:26	370864.16	376841.85	370850.23	370852.14	439.86	0	97.99	1672.51	SpatialARI_Yan	default	107775	SpatialARI_Yan
1712.2388	0:28:32	370857.28	376775.34	370843.87	370845.78	515.12	0	98.08	1679.46	SpatialARI_Yan	default	107775	SpatialARI_Yan
1717.2568	0:28:37	370856.7	376841.6	370845.23	370847.13	392.77	0	97.7	1677.89	SpatialARI_Yan	default	107775	SpatialARI_Yan
2383.5183	0:39:43	4953.69	7321.84	4940.39	4944.87	461.41	0	97.76	2330.34	SpatialRI	default	107775	SpatialRI
2506.3533	0:41:46	4820.2	7502.68	4791.3	4795.73	473.38	0	97.92	2454.32	SpatialRI	default	107775	SpatialRI
2550.8556	0:42:30	4948.36	7322.92	4935.04	4939.46	461.67	0	98.51	2512.92	SpatialRI	default	107775	SpatialRI
2511.0917	0:41:51	4326.25	6924.78	4312.65	4317.17	467.37	0	97.79	2455.9	SpatialRI	default	107775	SpatialRI
2336.6951	0:38:56	4951.77	7524.03	4938.07	4942.64	458	0	98.53	2302.32	SpatialRI	default	107775	SpatialRI
2385.2137	0:39:45	4625.04	6854.21	4605.47	4609.45	0	0	97.73	2332.01	SpatialSPC	default	107775	SpatialSPC
2112.3656	0:35:12	4760.4	7198.81	4741.23	4745.09	470.17	0	97.41	2057.73	SpatialSPC	default	107775	SpatialSPC
2356.3274	0:39:16	4572.86	6969.73	4553.66	4557.71	0.12	0	97.58	2299.67	SpatialSPC	default	107775	SpatialSPC
2434.9135	0:40:34	4838.3	7142.29	4820.45	4824.28	445	0	98.01	2386.67	SpatialSPC	default	107775	SpatialSPC
2530.9608	0:42:10	4828.61	7569.84	4810.37	4814.34	522.42	0	97.62	2471.1	SpatialSPC	default	107775	SpatialSPC
30.4844	0:00:30	641.96	3003.88	622.11	626.26	349.42	0	37.33	11.53	SPC	default	107775	SPC
21.3377	0:00:21	793.29	3032.12	774.17	778.21	0.07	0	77.93	16.99	SPC	default	107775	SPC
21.5443	0:00:21	791.92	2964.61	773.69	777.78	0	0	76.29	16.81	SPC	default	107775	SPC
21.4366	0:00:21	793.75	2965.11	774.26	778.05	0	0	76.76	16.8	SPC	default	107775	SPC
21.3331	0:00:21	794.3	3031.36	774.87	778.94	0	0	77.62	16.94	SPC	default	107775	SPC
341.6248	0:05:41	1468.15	3904.15	1450.96	1454.93	523.83	0	89.29	305.22	AMSP	default	72173	AMSP
330.4643	0:05:30	1467.14	3770.12	1449.16	1453.17	515.72	0	95.15	314.67	AMSP	default	72173	AMSP
344.9269	0:05:44	1468.87	3703.86	1449.18	1453.18	217.14	0	90.54	312.67	AMSP	default	72173	AMSP
343.2065	0:05:43	1469.84	3837.89	1451.14	1455.2	684.7	0	91.63	314.79	AMSP	default	72173	AMSP
333.0249	0:05:33	1469.96	3837.14	1450.74	1454.77	289.7	0	94.45	314.83	AMSP	default	72173	AMSP
30.3531	0:00:30	774.78	3282.76	760.6	763.9	7.99	0	38.74	11.38	ARI	default	72173	ARI
17.2488	0:00:17	836.86	3144.81	821.68	825.03	0.1	0	90.83	16.03	ARI	default	72173	ARI
17.4172	0:00:17	832.59	3140.96	817.38	820.77	0.05	0	89.65	15.94	ARI	default	72173	ARI
16.2145	0:00:16	818.24	3059.59	803.14	806.51	0.03	0	89.54	14.84	ARI	default	72173	ARI
17.836	0:00:17	833.55	3140.71	818.71	822.08	0.04	0	91.21	16.56	ARI	default	72173	ARI
22.2869	0:00:22	793.41	2898.35	774	778	0	0	75.1	17.14	ASPC	useNegativesF	72173	ASPC
22.4184	0:00:22	794.38	3098.12	775.52	779.51	0	0	73.51	16.8	ASPC	useNegativesF	72173	ASPC
22.4612	0:00:22	793.91	3030.86	774.05	778.12	0.01	0	73.64	16.89	ASPC	useNegativesF	72173	ASPC
22.9873	0:00:22	794.77	3097.32	776.02	779.94	0	0	71.19	16.74	ASPC	useNegativesF	72173	ASPC
22.3857	0:00:22	792.15	3030.61	774.59	778.69	0	0	73.38	16.76	ASPC	useNegativesF	72173	ASPC
23.5954	0:00:23	782.02	3018.27	763.75	767.53	0	0	71.36	17.23	AWC	default	72173	AWC
23.8535	0:00:23	776.66	3014.73	758.7	762.6	0	0	69.84	17.05	AWC	default	72173	AWC
23.787	0:00:23	779.36	3082	760.48	764.15	0	0	70	17	AWC	default	72173	AWC
23.9661	0:00:23	777.26	2948.22	757.96	761.73	0	0	68.89	16.89	AWC	default	72173	AWC
23.63	0:00:23	779.53	3018.27	761.54	765.34	0	0	70.31	16.94	AWC	default	72173	AWC
29.1046	0:00:29	751.89	3251.82	733.13	737.08	11.13	0	31.57	9.4	AWH	default	72173	AWH
17.2137	0:00:17	828.35	3002.46	810.21	814.2	0.07	0	88.87	15.67	AWH	default	72173	AWH
17.8983	0:00:17	844.99	3016.51	825.88	829.9	0.01	0	89.51	16.39	AWH	default	72173	AWH
19.099	0:00:19	813.45	3115.85	794.74	798.76	0.03	0	85.47	16.69	AWH	default	72173	AWH
19.2568	0:00:19	808.31	3048.34	790.82	794.69	0	0	85.03	16.74	AWH	default	72173	AWH
62.6337	0:01:02	1226.12	3594.95	1206.89	1210.98	525.26	0	58.91	37.04	cdbw	default	72173	cdbw
53.0638	0:00:53	1409.86	3707.89	1390.76	1394.75	0.06	0	87.42	46.76	cdbw	default	72173	cdbw
52.9861	0:00:52	1411.78	3774.66	1392.71	1396.7	0.01	0	87.52	46.75	cdbw	default	72173	cdbw
53.1211	0:00:53	1412.49	3841.17	1394.86	1398.91	0.02	0	87.27	46.66	cdbw	default	72173	cdbw
52.8461	0:00:52	1416.64	3841.42	1398.59	1402.69	0	0	87.24	46.43	cdbw	default	72173	cdbw
105.6581	0:01:45	1382.09	3819.92	1368.07	1372.64	537.93	0	60.29	63.94	cohesion	default	72173	cohesion
91.7971	0:01:31	1433.07	3674.42	1419.78	1424.24	0.06	0	83.32	76.84	cohesion	default	72173	cohesion
91.8649	0:01:31	1429.36	3607.41	1415.88	1420.4	0.01	0	83.24	76.76	cohesion	default	72173	cohesion
94.2377	0:01:34	1433.29	3674.42	1420	1424.5	60.39	0	80.42	76.09	cohesion	default	72173	cohesion
106.1099	0:01:46	1379.45	3819.92	1365.95	1370.53	227.07	0	58.95	62.8	cohesion	default	72173	cohesion
2172.7251	0:36:12	115241.51	127824.52	115221.38	115225.42	457.53	0	98.14	2132.43	dbcv	default	72173	dbcv
2177.5002	0:36:17	115054.6	128026.05	115025.52	115029.52	525.35	0	97.57	2124.86	dbcv	default	72173	dbcv
2173.2686	0:36:13	115241.76	128092.57	115224.43	115228.31	525.37	0	97.75	2124.54	dbcv	default	72173	dbcv
2193.8637	0:36:33	115252.74	127958.79	115233.39	115237.42	514.81	0	98.24	2155.44	dbcv	default	72173	dbcv
2176.5029	0:36:16	115239.64	128025.56	115220.71	115224.75	527.21	0	97.92	2131.52	dbcv	default	72173	dbcv
214.6365	0:03:34	20351.08	22785.84	20331.75	20335.64	449.56	0	88.81	190.9	meanSW	default	72173	meanSW
201.5533	0:03:21	16083.95	21874.86	16050.29	16054.25	0	0	97.32	196.51	meanSW	default	72173	meanSW
209.0768	0:03:29	20348.91	22785.84	20331.14	20335.05	362.14	0	91.6	191.7	meanSW	default	72173	meanSW
199.8074	0:03:19	16124.04	21875.11	16088.02	16091.89	0	0	98.13	196.47	meanSW	default	72173	meanSW
207.0063	0:03:27	20351.14	22651.82	20331.64	20335.5	126.49	0	93.48	193.69	meanSW	default	72173	meanSW
82.6249	0:01:22	1438.33	3674.89	1419.28	1423.27	60.34	0	91.98	76.27	NCE	default	72173	NCE
82.9081	0:01:22	1437.39	3607.88	1417.68	1421.63	0.05	0	91.91	76.53	NCE	default	72173	NCE
82.3085	0:01:22	1439.49	3675.14	1420.12	1424.08	0	0	92.94	76.74	NCE	default	72173	NCE
84.4283	0:01:24	1440.61	3742.16	1421.19	1425.24	0.02	0	87.95	74.58	NCE	default	72173	NCE
87.9258	0:01:27	1441.07	3808.92	1422.15	1426.08	109.42	0	82.6	72.85	NCE	default	72173	NCE
20.9473	0:00:20	795.99	3097.88	776.89	780.72	0	0	78.97	16.91	NCR	default	72173	NCR
20.5447	0:00:20	796.95	3098.12	776.98	780.99	0.05	0	79.46	16.68	NCR	default	72173	NCR
19.3807	0:00:19	811.58	2916.07	792.48	796.5	0.01	0	84.22	16.66	NCR	default	72173	NCR
20.7557	0:00:20	794.04	3031.11	774.55	778.49	0	0	78.83	16.67	NCR	default	72173	NCR
18.8417	0:00:18	811.53	3049.09	792.16	796.08	0	0	86.82	16.7	NCR	default	72173	NCR
72.5053	0:01:12	1293.02	3663.25	1273.82	1277.75	462.22	0	54.99	40.05	NP	default	72173	NP
65.1265	0:01:05	1424.84	3661.46	1407.06	1411.07	0	0	71.7	47.05	NP	default	72173	NP
72.7479	0:01:12	1293.06	3663.5	1273.53	1277.65	357.04	0	53.89	39.38	NP	default	72173	NP
65.1723	0:01:05	1383.8	3685.88	1364.95	1368.88	0.02	0	71.13	46.72	NP	default	72173	NP
65.4795	0:01:05	1382.61	3618.86	1363.38	1367.38	0.02	0	70.87	46.79	NP	default	72173	NP
55.2891	0:00:55	943.91	3183.8	926.18	930.31	0	0	83.85	46.69	nsAccuracy	default	72173	nsAccuracy:default
55.5947	0:00:55	943.96	3116.54	925.92	929.96	0	0	83.38	46.77	nsAccuracy	default	72173	nsAccuracy:default
54.9714	0:00:54	948.94	3118.05	929.1	933.12	0	0	84.34	46.79	nsAccuracy	default	72173	nsAccuracy:default
56.7916	0:00:56	944.68	3116.54	925.95	930.07	17.32	0	80.41	46.04	nsAccuracy	default	72173	nsAccuracy:default
58.2029	0:00:58	950.61	3318.08	930.9	934.97	108.6	0	75.38	44.08	nsAccuracy	default	72173	nsAccuracy:default
17828.4315	4:57:08	1652.53	4147.9	1633.11	1637.17	502.11	0.01	98.93	17636.82	nsARI	default	72173	nsARI:default
17614.9704	4:53:34	1658.33	4149.05	1639.37	1643.42	476.57	0.01	98.67	17382	nsARI	default	72173	nsARI:default
18471.918	5:07:51	1654.68	4147.42	1635.76	1639.74	470.3	0.01	98.82	18253.65	nsARI	default	72173	nsARI:default
18971.9332	5:16:11	1654.14	4014.55	1634.5	1638.49	454.96	0.01	98.76	18736.47	nsARI	default	72173	nsARI:default
18264.0542	5:04:24	1657.22	4082.29	1637.92	1641.96	469.55	0.01	98.79	18043.01	nsARI	default	72173	nsARI:default
17521.2255	4:52:01	1650.12	3814.57	1630.02	1634.12	0.04	0.01	99.33	17403.72	nsARI	lowMemoryF	72173	nsARI:lowMemoryF
16505.6459	4:35:05	1597.52	4012.38	1583.95	1585.88	19.83	0.02	99.23	16379	nsARI	lowMemoryF	72173	nsARI:lowMemoryF
16942.9865	4:42:22	1649.88	4078.77	1630.62	1634.61	388.12	0.01	99.11	16792.31	nsARI	lowMemoryF	72173	nsARI:lowMemoryF
17839.5572	4:57:19	1655.3	4083.21	1636.61	1640.64	469.55	0.01	99.09	17676.78	nsARI	lowMemoryF	72173	nsARI:lowMemoryF
18297.5229	5:04:57	1650.89	4081.55	1632.79	1636.75	457.52	0.01	98.96	18108.3	nsARI	lowMemoryF	72173	nsARI:lowMemoryF
17104.5731	4:45:04	1649.09	4014.63	1630.21	1634.16	530.28	0.01	99.22	16971.47	nsARI	lowMemoryT	72173	nsARI:lowMemoryT
22416.0021	6:13:36	1650.12	4012.98	1630.53	1634.56	429.93	0.02	99.36	22272.86	nsARI	lowMemoryT	72173	nsARI:lowMemoryT
23158.6694	6:25:58	1653.22	4082.48	1634.93	1638.84	467.19	0.01	99.21	22976.92	nsARI	lowMemoryT	72173	nsARI:lowMemoryT
22630.8963	6:17:10	1657.34	4016.73	1638	1642.01	467.21	0.01	99.27	22465.81	nsARI	lowMemoryT	72173	nsARI:lowMemoryT
22924.5831	6:22:04	1652.89	4082.59	1633.81	1637.75	474.43	0.01	99.24	22750.69	nsARI	lowMemoryT	72173	nsARI:lowMemoryT
19280.3826	5:21:20	1657.48	3888.53	1637.88	1641.98	0.06	0.01	98.73	19036.53	nsAWC	default	72173	nsAWC:default
19308.2072	5:21:48	1665.39	4157.08	1646.79	1650.71	466.14	0.01	98.72	19061.88	nsAWC	default	72173	nsAWC:default
19430.3147	5:23:50	1658.14	4088.7	1640.59	1644.57	464.84	0.01	98.68	19172.85	nsAWC	default	72173	nsAWC:default
18453.5836	5:07:33	1669.66	4091.14	1650.43	1654.42	471.5	0.01	98.59	18193.33	nsAWC	default	72173	nsAWC:default
19632.2697	5:27:12	1668.19	4156.32	1648.74	1652.72	457.24	0.01	98.59	19355.06	nsAWC	default	72173	nsAWC:default
17401.6136	4:50:01	1616.27	3821.87	1601.66	1603.6	78.85	0.02	99.17	17257.45	nsAWC	lowMemoryF	72173	nsAWC:lowMemoryF
17949.8074	4:59:09	1661.16	4022.97	1641.71	1645.8	374.11	0.01	99.21	17808.72	nsAWC	lowMemoryF	72173	nsAWC:lowMemoryF
19209.0021	5:20:09	1664.63	4089.46	1645.05	1648.96	473.78	0.01	99	19017.03	nsAWC	lowMemoryF	72173	nsAWC:lowMemoryF
18105.508	5:01:45	1662.9	3890.17	1643.27	1647.29	0	0.01	99.03	17930.75	nsAWC	lowMemoryF	72173	nsAWC:lowMemoryF
19307.0957	5:21:47	1659.19	3889.21	1639.46	1643.49	0	0	98.91	19097.22	nsAWC	lowMemoryF	72173	nsAWC:lowMemoryF
24588.8709	6:49:48	1652.1	3818.87	1632.49	1636.52	0	0.01	99.22	24398.23	nsAWC	lowMemoryT	72173	nsAWC:lowMemoryT
23945.5497	6:39:05	1662.4	4021.9	1643.44	1647.45	455.71	0.01	99.19	23753.41	nsAWC	lowMemoryT	72173	nsAWC:lowMemoryT
24856.3485	6:54:16	1662.92	4156.71	1643.77	1647.78	426.2	0.01	99.07	24625.72	nsAWC	lowMemoryT	72173	nsAWC:lowMemoryT
25744.9522	7:09:04	1662.97	4155.38	1645.59	1649.67	465.56	0.01	99.19	25535.81	nsAWC	lowMemoryT	72173	nsAWC:lowMemoryT
24732.5648	6:52:12	1667.38	4223.05	1648.05	1652.14	438.98	0.01	99.15	24522.41	nsAWC	lowMemoryT	72173	nsAWC:lowMemoryT
20344.1352	5:39:04	1605.05	4154.13	1592.67	1594.49	43.73	0.01	99.31	20204.51	nsAWH	default	72173	nsAWH:default
24309.5363	6:45:09	1659.33	3955.77	1641.01	1645.12	402.18	0.01	99.27	24133.4	nsAWH	default	72173	nsAWH:default
24008.9759	6:40:08	1667.8	4224.8	1648.9	1653.01	469.2	0.01	99.29	23838.99	nsAWH	default	72173	nsAWH:default
23522.4845	6:32:02	1661.91	4089.66	1642.67	1646.66	470.58	0.01	99.27	23351.88	nsAWH	default	72173	nsAWH:default
24654.691	6:50:54	1665.3	4157.9	1646.5	1650.3	395.28	0.01	99.2	24456.66	nsAWH	default	72173	nsAWH:default
17432.8161	4:50:32	1624.9	4089.36	1612.3	1614.25	82.52	0.02	99.17	17288.3	nsAWH	lowMemoryF	72173	nsAWH:lowMemoryF
17958.5381	4:59:18	1658.06	4089.43	1640.23	1644.23	396.23	0.01	99.17	17810.65	nsAWH	lowMemoryF	72173	nsAWH:lowMemoryF
19210.4734	5:20:10	1664.57	4092.29	1645.46	1649.61	468.13	0.02	99.05	19028.75	nsAWH	lowMemoryF	72173	nsAWH:lowMemoryF
18774.8279	5:12:54	1669.91	4224.48	1651.28	1655.29	430.2	0.01	98.97	18582.4	nsAWH	lowMemoryF	72173	nsAWH:lowMemoryF
19537.668	5:25:37	1654.85	4021.64	1637	1641.01	465.96	0.01	98.78	19298.94	nsAWH	lowMemoryF	72173	nsAWH:lowMemoryF
19070.3929	5:17:50	1605.04	4022.53	1592.03	1593.98	952.48	0.01	99.42	18959.44	nsAWH	lowMemoryT	72173	nsAWH:lowMemoryT
24668.7744	6:51:08	1658.31	3889.01	1639.22	1643.17	0.06	0.01	99.28	24491.97	nsAWH	lowMemoryT	72173	nsAWH:lowMemoryT
23966.897	6:39:26	1667.04	4090.31	1648.32	1652.25	467.27	0.01	99.17	23769.4	nsAWH	lowMemoryT	72173	nsAWH:lowMemoryT
23441.8641	6:30:41	1656.37	4089.65	1637.06	1641.1	464.01	0.01	99.23	23261.24	nsAWH	lowMemoryT	72173	nsAWH:lowMemoryT
24472.6523	6:47:52	1662.93	4089.32	1645.39	1649.3	453.96	0.01	99.21	24280.69	nsAWH	lowMemoryT	72173	nsAWH:lowMemoryT
1061.5495	0:17:41	1441.21	3610.14	1421.62	1425.51	0	0.01	97.11	1031.19	nsSPC	default	72173	nsSPC:default
1071.3009	0:17:51	1481.59	3987.36	1464.05	1467.96	471.16	0.01	95.39	1021.97	nsSPC	default	72173	nsSPC:default
1056.7942	0:17:36	1487.89	3987.86	1468.47	1472.52	428.1	0.01	96.52	1020.14	nsSPC	default	72173	nsSPC:default
1059.4581	0:17:39	1486.88	3987.61	1467.23	1471.3	424.92	0.01	96.36	1021.07	nsSPC	default	72173	nsSPC:default
1051.1535	0:17:31	1483.82	3920.1	1466.12	1470.16	466.29	0.01	97.12	1020.95	nsSPC	default	72173	nsSPC:default
66.4824	0:01:06	1385.36	3618.86	1366.14	1370.14	0	0	68.7	46.08	PWC	default	72173	PWC
63.2794	0:01:03	1435.24	3674.39	1417.36	1421.36	0	0	73.16	46.65	PWC	default	72173	PWC
71.2224	0:01:11	1287.82	3658.72	1268.86	1272.84	236.34	0	56.83	40.63	PWC	default	72173	PWC
62.9801	0:01:02	1438.32	3742.16	1418.84	1422.89	0.02	0	73.8	46.83	PWC	default	72173	PWC
62.3304	0:01:02	1438.85	3609.14	1419.54	1423.62	0	0	74.66	46.92	PWC	default	72173	PWC
1009.7077	0:16:49	4520.95	6881.17	4461.7	4465.51	0	0	96.03	969.96	SpatialARI	default	72173	SpatialARI
1029.8244	0:17:09	4707.61	7417.57	4690.15	4693.97	443.71	0	95.86	987.4	SpatialARI	default	72173	SpatialARI
967.1214	0:16:07	4773.59	7362.52	4754.75	4758.58	457.49	0	96.42	932.61	SpatialARI	default	72173	SpatialARI
935.2288	0:15:35	4742.61	7663.08	4708.42	4712.36	604.95	0	96.27	900.57	SpatialARI	default	72173	SpatialARI
935.2256	0:15:35	4190.97	6761.26	4172.39	4176.36	459.64	0	96.39	901.63	SpatialARI	default	72173	SpatialARI
922.6463	0:15:22	167443.51	171596.13	167358.4	167362.37	0.06	0	95.86	884.83	SpatialARI_Yan	default	72173	SpatialARI_Yan
946.6931	0:15:46	167245.95	169815.19	167227.62	167231.62	462.8	0	95.67	905.81	SpatialARI_Yan	default	72173	SpatialARI_Yan
940.7985	0:15:40	168460.52	172032.66	168440.64	168444.63	461.45	0	96.1	904.42	SpatialARI_Yan	default	72173	SpatialARI_Yan
940.4719	0:15:40	169586.52	173369.31	169348.41	169352.48	471.66	0	96.38	906.57	SpatialARI_Yan	default	72173	SpatialARI_Yan
946.6363	0:15:46	167248.24	169748.18	167229.14	167233.15	469.63	0	95.6	905.29	SpatialARI_Yan	default	72173	SpatialARI_Yan
810.5804	0:13:30	4766.54	7429.28	4747.51	4751.34	59.35	0	96.91	785.59	SpatialRI	default	72173	SpatialRI
820.908	0:13:40	4731.25	7197.11	4711.6	4715.52	0	0	96.71	794.25	SpatialRI	default	72173	SpatialRI
905.9203	0:15:05	4549.35	7106.57	4530.08	4534.01	347.24	0	96.99	878.67	SpatialRI	default	72173	SpatialRI
890.4417	0:14:50	4351.16	7027.7	4176.05	4179.97	468.82	0	98.07	873.52	SpatialRI	default	72173	SpatialRI
875.1067	0:14:35	4358.43	6794.74	4337.38	4341.41	455.44	0	96.59	845.3	SpatialRI	default	72173	SpatialRI
1063.6658	0:17:43	4814.17	7417.75	4804	4806.79	414.93	0	96.7	1028.88	SpatialSPC	default	72173	SpatialSPC
1045.5032	0:17:25	4923.5	7365.91	4913.45	4916.31	458.88	0	97.46	1019.22	SpatialSPC	default	72173	SpatialSPC
1043.2724	0:17:23	4505.4	6959.93	4405.13	4407.94	452.23	0	96.69	1009.01	SpatialSPC	default	72173	SpatialSPC
1062.7498	0:17:42	4327.31	6833.57	4313.79	4318.25	455.21	0	95.06	1010.26	SpatialSPC	default	72173	SpatialSPC
1154.6774	0:19:14	4323.14	6995.31	4819.62	4824.13	478.09	0	95.81	1106.34	SpatialSPC	default	72173	SpatialSPC
36.732	0:00:36	628.06	2866.41	608.32	612.35	264.85	0	33.18	12.44	SPC	default	72173	SPC
27.3537	0:00:27	775.75	2947.47	757.6	761.55	0.06	0	61.83	17.28	SPC	default	72173	SPC
27.1853	0:00:27	777.86	3015.23	758.92	762.87	0	0	61.86	17.11	SPC	default	72173	SPC
27.1429	0:00:27	777.38	3015.23	758.18	762.13	0.02	0	62.43	17.26	SPC	default	72173	SPC
27.2226	0:00:27	778.3	2881.72	758.72	762.67	0	0	62.19	17.2	SPC	default	72173	SPC
96.714	0:01:36	1427.25	3598.17	1409.58	1413.48	60.51	0	78.84	76.66	AMSP	default	33285	AMSP
97.5351	0:01:37	1427.76	3597.66	1408.19	1412.21	0.01	0	78.15	76.57	AMSP	default	33285	AMSP
100.3309	0:01:40	1431.22	3665.43	1411.5	1415.49	60.41	0	76.1	76.66	AMSP	default	33285	AMSP
102.503	0:01:42	1428.9	3731.69	1409.98	1413.97	119.19	0	69.62	71.5	AMSP	default	33285	AMSP
95.3902	0:01:35	1431.75	3665.93	1412.12	1416.17	0	0	80.17	76.77	AMSP	default	33285	AMSP
21.9997	0:00:21	793.01	2898.35	773	777.08	0	0	74.91	16.79	ARI	default	33285	ARI
22.1781	0:00:22	792.32	3031.87	774.12	778.11	0	0	74.65	16.91	ARI	default	33285	ARI
23.9089	0:00:23	777.68	3081.75	759.86	763.89	24.46	0	64	15.63	ARI	default	33285	ARI
23.7858	0:00:23	781.79	3215.77	764.22	768.2	77.68	0	63.34	15.29	ARI	default	33285	ARI
22.0919	0:00:22	796.89	2964.86	777.11	781.19	0	0	75.43	17	ARI	default	33285	ARI
33.0333	0:00:33	638.37	3566.2	619.35	623.35	268.96	0	34.65	11.62	ASPC	useNegativesF	33285	ASPC
23.1343	0:00:23	783.83	2957.34	766.31	770.4	0.06	0	71.61	16.88	ASPC	useNegativesF	33285	ASPC
22.4184	0:00:22	791.82	2964.86	773.82	777.86	0	0	74.12	16.94	ASPC	useNegativesF	33285	ASPC
22.6037	0:00:22	793.96	3031.36	774.5	778.57	0	0	72.86	16.91	ASPC	useNegativesF	33285	ASPC
21.8126	0:00:21	796.46	3031.11	776.77	780.83	0	0	76.31	16.99	ASPC	useNegativesF	33285	ASPC
37.0585	0:00:37	629.79	2933.17	610.35	614.35	261.61	0	32.58	12.22	AWC	default	33285	AWC
27.3503	0:00:27	777.72	2948.22	758.3	762.3	0.12	0	61.4	17.17	AWC	default	33285	AWC
27.2298	0:00:27	778.19	2948.73	759.99	763.86	0	0	61.68	17.14	AWC	default	33285	AWC
27.3458	0:00:27	777.58	2948.98	758.46	762.49	0.01	0	61.55	17.21	AWC	default	33285	AWC
27.5311	0:00:27	777.34	3014.98	757.76	761.83	0	0	60.69	17.07	AWC	default	33285	AWC
27.9834	0:00:27	658.27	3040.95	637.85	641.77	279.73	0	40.8	11.57	AWH	default	33285	AWH
20.7425	0:00:20	793.9	2963.6	775.86	779.91	0	0	79	16.77	AWH	default	33285	AWH
20.7551	0:00:20	795.43	3030.61	777.89	781.82	0	0	80.18	16.98	AWH	default	33285	AWH
20.8128	0:00:20	794.91	3031.11	775.15	779.12	0	0	79	16.77	AWH	default	33285	AWH
20.0183	0:00:20	794.71	2965.36	775.47	779.39	0	0	81.64	16.76	AWH	default	33285	AWH
49.0801	0:00:49	1419.98	3782.88	1402.25	1406.14	67.61	0	93.7	46.29	cdbw	default	33285	cdbw
48.3484	0:00:48	1541.05	3900.91	1521.67	1525.7	0	0	96.29	46.95	cdbw	default	33285	cdbw
47.8874	0:00:47	1538.61	3833.93	1519.19	1523.17	0	0	96.95	46.75	cdbw	default	33285	cdbw
48.3476	0:00:48	1537.27	3766.39	1517.34	1521.32	0	0	95.56	46.51	cdbw	default	33285	cdbw
50.4599	0:00:50	1419.86	3783.13	1400.34	1404.31	0	0	91.21	46.39	cdbw	default	33285	cdbw
55.8256	0:00:55	1382.52	3685.71	1363.39	1367.34	60.35	0	82.97	46.62	cohesion	default	33285	cohesion
55.6714	0:00:55	1380.69	3618.2	1362.81	1366.87	0	0	83.35	46.71	cohesion	default	33285	cohesion
55.9307	0:00:55	1381.64	3618.95	1362.29	1366.27	0	0	82.67	46.55	cohesion	default	33285	cohesion
56.6457	0:00:56	1381.09	3552.94	1361.66	1365.65	0	0	81.49	46.51	cohesion	default	33285	cohesion
60.2273	0:01:00	1293.02	3596.98	1273.89	1277.89	111.65	0	70.89	42.87	cohesion	default	33285	cohesion
531.9165	0:08:51	34980.83	38963	34963.35	34967.53	0	0	98.72	525.43	dbcv	default	33285	dbcv
543.1085	0:09:03	34984.49	39230.79	34965.2	34969.24	525.05	0	94.98	516	dbcv	default	33285	dbcv
553.6832	0:09:13	38965.77	41961.92	38921.38	38925.34	517.25	0	93.29	516.7	dbcv	default	33285	dbcv
556.657	0:09:16	34982.75	39297.8	34963.55	34967.57	510.28	0	92.87	517.15	dbcv	default	33285	dbcv
551.9741	0:09:11	34986.2	39230.54	34967.34	34971.31	529.26	0	93.67	517.18	dbcv	default	33285	dbcv
95.1477	0:01:35	2752.61	8045.88	2705.64	2709.58	529.69	0	72.33	68.93	meanSW	default	33285	meanSW
87.0068	0:01:27	5607.32	7777.83	5587.56	5591.63	0.06	0	87.09	76.02	meanSW	default	33285	meanSW
86.6942	0:01:26	5788.92	12005.23	5699.57	5703.46	0	0	88.14	76.7	meanSW	default	33285	meanSW
89.0769	0:01:29	5606.37	7712.07	5587.03	5591.01	0	0	84.7	75.8	meanSW	default	33285	meanSW
89.4369	0:01:29	5334.43	7979.87	5286.89	5290.99	101.14	0	81.69	73.28	meanSW	default	33285	meanSW
66.3978	0:01:06	1147.57	3650.86	1130.1	1134.14	533.21	0	55.28	36.84	NCE	default	33285	NCE
56.2402	0:00:56	1384.67	3618.95	1365.12	1369.19	0.06	0	82.04	46.49	NCE	default	33285	NCE
56.5746	0:00:56	1384.03	3685.71	1364.54	1368.65	0	0	81.46	46.44	NCE	default	33285	NCE
55.8853	0:00:55	1381.48	3552.19	1363.18	1367.27	0	0	83.22	46.89	NCE	default	33285	NCE
56.4498	0:00:56	1383.99	3619.7	1364.36	1368.46	0	0	81.74	46.54	NCE	default	33285	NCE
31.794	0:00:31	637.9	3453.24	618.73	622.71	292.98	0	36.73	11.78	NCR	default	33285	NCR
21.9765	0:00:21	792.68	2964.86	774.97	778.89	0.02	0	74.79	16.83	NCR	default	33285	NCR
22.3451	0:00:22	793.86	3031.11	774.13	778.17	0	0	73.59	16.8	NCR	default	33285	NCR
22.2246	0:00:22	793.84	2965.36	774.79	778.69	0	0	73.87	16.74	NCR	default	33285	NCR
22.1555	0:00:22	796.82	3098.12	777.33	781.29	0	0	73.84	16.74	NCR	default	33285	NCR
56.2244	0:00:56	1379.53	3552.44	1361.75	1365.75	67.23	0	82.12	46.51	NP	default	33285	NP
56.5373	0:00:56	1380.86	3485.93	1361.79	1365.72	0	0	81.3	46.39	NP	default	33285	NP
58.4292	0:00:58	1315.35	3619.32	1296.62	1300.69	101.14	0	75.12	44.15	NP	default	33285	NP
57.517	0:00:57	1380.6	3552.69	1361.24	1365.25	0	0	80.3	46.49	NP	default	33285	NP
60.4891	0:01:00	1292.92	3663	1275.35	1279.36	185.35	0	71.62	43.51	NP	default	33285	NP
38.857	0:00:38	777.21	2881.97	757.55	761.61	0	0	43.18	17.11	nsAccuracy	default	33285	nsAccuracy:default
39.066	0:00:39	775.38	2881.47	757.57	761.56	0.02	0	43.04	17.16	nsAccuracy	default	33285	nsAccuracy:default
38.0904	0:00:38	778.95	3014.98	758.87	763.02	0	0	43.8	17.04	nsAccuracy	default	33285	nsAccuracy:default
38.716	0:00:38	777.65	3015.23	758.36	762.51	0.06	0	43.19	17.04	nsAccuracy	default	33285	nsAccuracy:default
38.733	0:00:38	779.22	3014.98	759.68	763.77	0	0	43.33	17.1	nsAccuracy	default	33285	nsAccuracy:default
4344.2049	1:12:24	1474.92	3704.53	1455.56	1459.68	0	0.01	99.02	4302.05	nsARI	default	33285	nsARI:default
4270.5332	1:11:10	1473.35	3965.73	1453.65	1457.62	470.77	0.01	99.09	4231.71	nsARI	default	33285	nsARI:default
4188.6518	1:09:48	1468.25	3830.6	1450.57	1454.55	445.66	0.01	98.76	4136.95	nsARI	default	33285	nsARI:default
3887.6188	1:04:47	1468.78	3831.48	1449.46	1453.42	455.83	0.01	98.71	3837.63	nsARI	default	33285	nsARI:default
3897.0842	1:04:57	1468.86	3898.42	1449.89	1453.95	457.55	0	98.36	3833.41	nsARI	default	33285	nsARI:default
4109.5935	1:08:29	1442	3965.62	1427.83	1429.61	82.78	0.01	98.5	4048.27	nsARI	lowMemoryF	33285	nsARI:lowMemoryF
4787.9293	1:19:47	1473.71	3899.29	1454.19	1458.16	426.33	0.01	99.2	4750.02	nsARI	lowMemoryF	33285	nsARI:lowMemoryF
5159.9421	1:25:59	1473.38	3971.4	1453.63	1457.71	453.98	0.01	99.01	5109.01	nsARI	lowMemoryF	33285	nsARI:lowMemoryF
4827.1727	1:20:27	1473.02	3899.12	1453.98	1457.93	456.13	0.01	98.83	4770.53	nsARI	lowMemoryF	33285	nsARI:lowMemoryF
5457.8056	1:30:57	1471.99	3906.48	1453.1	1457.08	465.98	0.01	98.99	5402.68	nsARI	lowMemoryF	33285	nsARI:lowMemoryF
4516.3321	1:15:16	1464.21	3831.98	1445.61	1449.53	425.09	0.01	98.14	4432.42	nsARI	lowMemoryT	33285	nsARI:lowMemoryT
5081.3203	1:24:41	1468.17	3898.52	1450.43	1454.44	485.19	0.01	98.27	4993.4	nsARI	lowMemoryT	33285	nsARI:lowMemoryT
5191.1239	1:26:31	1462.3	3898.65	1444.34	1448.36	452.85	0.01	97.93	5083.9	nsARI	lowMemoryT	33285	nsARI:lowMemoryT
4353.6057	1:12:33	1466.7	3834.23	1448.31	1452.54	469.06	0.02	98.41	4284.62	nsARI	lowMemoryT	33285	nsARI:lowMemoryT
4623.918	1:17:03	1464.87	3899.24	1445.66	1449.67	469.98	0.01	97.85	4524.82	nsARI	lowMemoryT	33285	nsARI:lowMemoryT
4276.4516	1:11:16	1471.09	3696.28	1452.36	1456.4	0	0.01	99.06	4236.54	nsAWC	default	33285	nsAWC:default
4664.2241	1:17:44	1472.09	3632.43	1452.95	1456.98	0	0	99.12	4623.39	nsAWC	default	33285	nsAWC:default
4190.3656	1:09:50	1467.79	3833.4	1448.39	1452.43	121.75	0.01	98.63	4132.7	nsAWC	default	33285	nsAWC:default
4691.9005	1:18:11	1420.51	4033.43	1401.31	1405.28	461.11	0.01	98.84	4637.52	nsAWC	default	33285	nsAWC:default
4702.522	1:18:22	1431.09	3698.37	1411.37	1415.28	4.84	0.01	98.8	4646.39	nsAWC	default	33285	nsAWC:default
5271.3889	1:27:51	1392.54	3760.33	1388.14	1388.82	5.97	0	99.06	5221.87	nsAWC	lowMemoryF	33285	nsAWC:lowMemoryF
5682.1339	1:34:42	1474.22	3902.68	1460.19	1464.51	434.79	0.01	99.01	5626.38	nsAWC	lowMemoryF	33285	nsAWC:lowMemoryF
6380.1474	1:46:20	1458.61	3832.74	1444.88	1449.34	467.62	0.01	98.77	6302.24	nsAWC	lowMemoryF	33285	nsAWC:lowMemoryF
5749.5846	1:35:49	1467.83	3898.01	1454.09	1458.64	226.27	0.01	99.12	5699.18	nsAWC	lowMemoryF	33285	nsAWC:lowMemoryF
6531.8411	1:48:51	1469.97	3899.44	1455.66	1460.25	454	0.01	99.33	6488.34	nsAWC	lowMemoryF	33285	nsAWC:lowMemoryF
4526.0122	1:15:26	1468.14	3832.04	1450.64	1454.67	31.06	0.01	98.6	4462.67	nsAWC	lowMemoryT	33285	nsAWC:lowMemoryT
4074.9848	1:07:54	1463.29	3696.23	1445.38	1449.54	0.01	0.01	98.82	4027.39	nsAWC	lowMemoryT	33285	nsAWC:lowMemoryT
4216.8639	1:10:16	1469.67	3834.12	1450.73	1454.76	471.34	0.01	98.82	4167.44	nsAWC	lowMemoryT	33285	nsAWC:lowMemoryT
4851.0331	1:20:51	1473.67	3966.44	1454.52	1458.59	468.42	0.01	98.84	4794.57	nsAWC	lowMemoryT	33285	nsAWC:lowMemoryT
4557.0718	1:15:57	1473.96	3899.68	1454.64	1458.67	462.37	0.01	98.53	4490.29	nsAWC	lowMemoryT	33285	nsAWC:lowMemoryT
4371.0156	1:12:51	1464.25	3700.97	1445.12	1449.03	0	0.01	98.92	4324.18	nsAWH	default	33285	nsAWH:default
4295.3107	1:11:35	1481.88	4041.08	1464.54	1468.55	457.56	0.01	98.32	4223.31	nsAWH	default	33285	nsAWH:default
4038.0243	1:07:18	1463.12	4030.73	1444.12	1448.05	468.67	0	98.65	3983.55	nsAWH	default	33285	nsAWH:default
3892.4344	1:04:52	1465.92	3963.57	1448.62	1452.71	463.3	0.01	98.35	3828.61	nsAWH	default	33285	nsAWH:default
4309.045	1:11:49	1468.73	3902.74	1449.23	1453.29	461.56	0.01	98.74	4254.83	nsAWH	default	33285	nsAWH:default
4260.4833	1:11:00	1467.54	3763.91	1448.95	1452.86	0.01	0.01	98.43	4194	nsAWH	lowMemoryF	33285	nsAWH:lowMemoryF
4072.1812	1:07:52	1472.21	3906.85	1453.2	1457.18	222.46	0.01	98.57	4014.04	nsAWH	lowMemoryF	33285	nsAWH:lowMemoryF
4845.8802	1:20:45	1474.51	3966.44	1455.65	1459.67	467.24	0.01	98.81	4788.5	nsAWH	lowMemoryF	33285	nsAWH:lowMemoryF
4942.2862	1:22:22	1462.14	3698.64	1442.79	1446.79	0.12	0.01	98.96	4891.31	nsAWH	lowMemoryF	33285	nsAWH:lowMemoryF
4290.8293	1:11:30	1470.47	3763.82	1452.39	1456.3	472.28	0.01	98.54	4228.46	nsAWH	lowMemoryF	33285	nsAWH:lowMemoryF
4986.7248	1:23:06	1467.12	3631.79	1447.52	1451.59	0	0.01	98.81	4927.53	nsAWH	lowMemoryT	33285	nsAWH:lowMemoryT
4423.7538	1:13:43	1469.08	3962.95	1451.6	1455.48	624.69	0.01	98.52	4358.29	nsAWH	lowMemoryT	33285	nsAWH:lowMemoryT
4869.6148	1:21:09	1466.2	3698.27	1448.43	1452.48	96.56	0.01	98.85	4813.92	nsAWH	lowMemoryT	33285	nsAWH:lowMemoryT
4880.4074	1:21:20	1474.39	3899.87	1455.27	1459.3	468.84	0.01	98.35	4800.04	nsAWH	lowMemoryT	33285	nsAWH:lowMemoryT
4442.9578	1:14:02	1476.52	3771.81	1457.13	1461.05	131.69	0.01	98.7	4385.68	nsAWH	lowMemoryT	33285	nsAWH:lowMemoryT
276.5066	0:04:36	1389.28	3576.43	1369.88	1373.91	0	0.01	92.27	255.4	nsSPC	default	33285	nsSPC:default
272.0159	0:04:32	1385.77	3642.7	1368.32	1372.29	0	0.01	94.09	256.22	nsSPC	default	33285	nsSPC:default
274.5587	0:04:34	1385.37	3643.45	1366.42	1370.37	0	0.01	92.98	255.69	nsSPC	default	33285	nsSPC:default
272.5342	0:04:32	1390.66	3642.19	1371.02	1375.06	0.03	0.01	93.68	255.62	nsSPC	default	33285	nsSPC:default
274.994	0:04:34	1389	3642.44	1369.59	1373.54	0	0.01	92.91	255.92	nsSPC	default	33285	nsSPC:default
56.8572	0:00:56	1381.02	3618.7	1361.38	1365.46	60.4	0	81.1	46.54	PWC	default	33285	PWC
56.1043	0:00:56	1382.6	3551.93	1363.09	1367.23	0	0	82.61	46.7	PWC	default	33285	PWC
56.3093	0:00:56	1378.29	3552.19	1360.69	1364.55	0.02	0	82.52	46.76	PWC	default	33285	PWC
56.302	0:00:56	1381.46	3618.45	1363.64	1367.67	0	0	81.67	46.41	PWC	default	33285	PWC
52.433	0:00:52	1383.37	3618.7	1363.95	1367.99	0.01	0	88.22	46.55	PWC	default	33285	PWC
171.6703	0:02:51	3116.37	5788.55	3075.21	3079.22	44.17	0	91.09	156.23	SpatialARI	default	33285	SpatialARI
178.4518	0:02:58	4298.89	6470.22	4279.57	4283.59	0.01	0	92.79	165.94	SpatialARI	default	33285	SpatialARI
209.1464	0:03:29	3869.6	6476.42	3850.44	3854.52	464.82	0	89.42	187.26	SpatialARI	default	33285	SpatialARI
196.4701	0:03:16	3498.11	5825.77	3391.98	3395.98	0.01	0	84.53	166.45	SpatialARI	default	33285	SpatialARI
194.1247	0:03:14	3514.04	5917.73	3494.59	3498.6	0.02	0	85.34	165.98	SpatialARI	default	33285	SpatialARI
111.9134	0:01:51	29112.33	31349.06	29092.84	29096.79	0.01	0	95.01	106.67	SpatialARI_Yan	default	33285	SpatialARI_Yan
114.0455	0:01:54	29117.46	31349.06	29098.01	29101.99	0	0	92.64	106.06	SpatialARI_Yan	default	33285	SpatialARI_Yan
118.7077	0:01:58	28116.8	30488.96	28099.01	28103.02	338.68	0	84.95	101	SpatialARI_Yan	default	33285	SpatialARI_Yan
113.5103	0:01:53	29111.04	31216.04	29091.53	29095.58	6.89	0	93.03	105.95	SpatialARI_Yan	default	33285	SpatialARI_Yan
113.3838	0:01:53	29109.63	31348.56	29091.91	29095.87	0	0	93.04	105.81	SpatialARI_Yan	default	33285	SpatialARI_Yan
210.749	0:03:30	4080.53	6727.16	4062.23	4066	458	0	88.28	186.19	SpatialRI	default	33285	SpatialRI
203.9517	0:03:23	3546.7	5961.14	3497.71	3501.73	0.15	0	95.56	195.27	SpatialRI	default	33285	SpatialRI
209.4902	0:03:29	3669.87	5973.29	3648.5	3652.48	346.95	0	91.2	191.26	SpatialRI	default	33285	SpatialRI
203.7723	0:03:23	3512.08	5839.14	3492.59	3496.55	6.94	0	96.02	195.93	SpatialRI	default	33285	SpatialRI
202.4216	0:03:22	3501.83	5972.15	3482.61	3486.59	0.02	0	96.61	195.86	SpatialRI	default	33285	SpatialRI
195.9337	0:03:15	3673.4	6174.25	3654.39	3658.41	461.23	0	80.46	157.79	SpatialSPC	default	33285	SpatialSPC
184.7166	0:03:04	3510.81	5680.95	3491.46	3495.34	0	0	89.09	164.86	SpatialSPC	default	33285	SpatialSPC
188.0591	0:03:08	3671.79	5972.92	3653.9	3657.99	108.02	0	88.11	166.02	SpatialSPC	default	33285	SpatialSPC
190.4191	0:03:10	4191.77	6560.48	4164.22	4168.11	0	0	86.14	164.4	SpatialSPC	default	33285	SpatialSPC
190.7561	0:03:10	3772.38	6351.65	4170.61	4174.62	0	0	86.74	165.78	SpatialSPC	default	33285	SpatialSPC
26.1271	0:00:26	778.21	3015.23	758.93	762.88	0	0	64.03	17.02	SPC	default	33285	SPC
30.0943	0:00:30	781.07	3014.98	761.61	765.5	0	0	56.9	17.5	SPC	default	33285	SPC
25.0936	0:00:25	778.5	3014.48	760.32	764.3	0	0	68.87	17.68	SPC	default	33285	SPC
20.116	0:00:20	795.78	3033.31	776.42	780.32	0	0	80.99	16.67	SPC	default	33285	SPC
26.7349	0:00:26	774.63	2881.47	757.02	760.95	0	0	63.81	17.46	SPC	default	33285	SPC
